{'/Regions/3/Tournaments/182/Albania-Kategoria-Superiore\n': ['/Teams/1779/Show/Albania-Partizani', '/Teams/10656/Show/Albania-Kukesi', '/Teams/719/Show/Albania-Teuta-Durres', '/Teams/3458/Show/Albania-Skenderbeu', '/Teams/2881/Show/Albania-Flamurtari', '/Teams/2705/Show/Albania-Laci', '/Teams/568/Show/Albania-KF-Tirana', '/Teams/2885/Show/Albania-Luftetari', '/Teams/2882/Show/Albania-Kastrioti', '/Teams/7941/Show/Albania-KF-Kamza']}
{'/Regions/14/Tournaments/567/Australia-\n': ['/Teams/11107/Show/Australia-Blacktown-Spartans', '/Teams/6241/Show/Australia-Bonnyrigg-White-Eagles', '/Teams/13139/Show/Australia-Central-Coast-Mariners-Youth', '/Teams/17782/Show/Australia-Hakoah-Sydney-City-East', '/Teams/15235/Show/Australia-Hills-United-FC', '/Teams/15241/Show/Australia-Mounties-Wanderers', '/Teams/15240/Show/Australia-Northern-Tigers', '/Teams/28930/Show/Australia-SD-Raiders-FC', '/Teams/15237/Show/Australia-Spirit-FC', '/Teams/28280/Show/Australia-St-George-City', '/Teams/15156/Show/Australia-St-George-FC', '/Teams/19574/Show/Australia-Western-Sydney-Wanderers-FC-Youth']}
{'/Regions/15/Tournaments/32/Austria-T-Mobile-Bundesliga\n': ['/Teams/365/Show/Austria-LASK', '/Teams/361/Show/Austria-Salzburg', '/Teams/360/Show/Austria-Rapid-Wien', '/Teams/2121/Show/Austria-Wolfsberger-AC', '/Teams/390/Show/Austria-Sturm-Graz', '/Teams/1333/Show/Austria-Hartberg', '/Teams/400/Show/Austria-Austria-Wien', '/Teams/1896/Show/Austria-Altach', '/Teams/550/Show/Austria-Admira-Moedling', '/Teams/555/Show/Austria-WSG-Swarovski-Tirol', '/Teams/548/Show/Austria-Mattersburg', '/Teams/2137/Show/Austria-SKN-St-Poelten']}
{'/Regions/31/Tournaments/95/Brazil-Brasileirao\n': ['/Teams/1239/Show/Brazil-Flamengo', '/Teams/1241/Show/Brazil-Santos-FC', '/Teams/1234/Show/Brazil-Palmeiras', '/Teams/1244/Show/Brazil-Gremio', '/Teams/1243/Show/Brazil-Athletico-Paranaense', '/Teams/1224/Show/Brazil-Sao-Paulo', '/Teams/1219/Show/Brazil-Internacional', '/Teams/1237/Show/Brazil-Corinthians', '/Teams/2065/Show/Brazil-Fortaleza', '/Teams/1218/Show/Brazil-Goias', '/Teams/1221/Show/Brazil-Bahia', '/Teams/1226/Show/Brazil-Vasco-da-Gama', '/Teams/1235/Show/Brazil-Atletico-MG', '/Teams/1232/Show/Brazil-Fluminense', '/Teams/1227/Show/Brazil-Botafogo-RJ', '/Teams/7334/Show/Brazil-Ceara', '/Teams/1230/Show/Brazil-Cruzeiro', '/Teams/9915/Show/Brazil-CS-Alagoano', '/Teams/8865/Show/Brazil-Chapecoense-AF', '/Teams/4619/Show/Brazil-Avai-FC']}
{'/Regions/31/Tournaments/321/Brazil-Serie-C\n': ['/Teams/4624/Show/Brazil-Nautico', '/Teams/7188/Show/Brazil-Sampaio-Correa', '/Teams/8898/Show/Brazil-Imperatriz', '/Teams/7197/Show/Brazil-Confianca', '/Teams/8921/Show/Brazil-Botafogo-PB', '/Teams/8871/Show/Brazil-Ferroviario', '/Teams/1242/Show/Brazil-Santa-Cruz', '/Teams/8915/Show/Brazil-Treze', '/Teams/5440/Show/Brazil-ABC', '/Teams/15044/Show/Brazil-Globo-FC']}
{'/Regions/31/Tournaments/654/Brazil-\n': ['/Teams/27461/Show/Brazil-EC-Sao-Jose-U20', '/Teams/26719/Show/Brazil-Londrina-EC-U20', '/Teams/27449/Show/Brazil-Osvaldo-Cruz-U20', '/Teams/18252/Show/Brazil-Ponte-Preta-U20']}
{'/Regions/38/Tournaments/247/Cameroon-1-Division\n': ['/Teams/15123/Show/Cameroon-UMS-de-Loum', '/Teams/4034/Show/Cameroon-Coton-Sport', '/Teams/26762/Show/Cameroon-Feutcheu', '/Teams/15124/Show/Cameroon-APEJES-FC', '/Teams/20239/Show/Cameroon-Dragon', '/Teams/26763/Show/Cameroon-Stade-Renard']}
{'/Regions/43/Tournaments/343/Chad-Premiere-Division\n': ['/Teams/7716/Show/Chad-Gazelle-FC', '/Teams/7715/Show/Chad-ELECT-Sport', '/Teams/7723/Show/Chad-Tourbillon-FC', '/Teams/7719/Show/Chad-AS-CotonTchad', '/Teams/7717/Show/Chad-Renaissance-FC', '/Teams/7722/Show/Chad-Foullah-Edifice', '/Teams/11449/Show/Chad-AS-GMIA', '/Teams/7720/Show/Chad-AS-DGSSIE', '/Teams/7721/Show/Chad-Postel-2000']}
{'/Regions/59/Tournaments/34/Denmark-Viasat-Sport-Divisionen\n': ['/Teams/7/Show/Denmark-Vejle-Boldklub', '/Teams/9/Show/Denmark-Viborg', '/Teams/367/Show/Denmark-Fredericia', '/Teams/3628/Show/Denmark-Kolding-IF', '/Teams/369/Show/Denmark-Vendsyssel-FF', '/Teams/377/Show/Denmark-Fremad-Amager', '/Teams/5/Show/Denmark-HB-Koege', '/Teams/13443/Show/Denmark-Nykoebing-FC', '/Teams/384/Show/Denmark-Skive', '/Teams/403/Show/Denmark-Hvidovre', '/Teams/387/Show/Denmark-Naestved', '/Teams/1652/Show/Denmark-FC-Roskilde']}
{'/Regions/59/Tournaments/456/Denmark-Reserve-League\n': ['/Teams/9225/Show/Denmark-FC-Koebenhavn-Reserves', '/Teams/9235/Show/Denmark-Broendby-Reserves', '/Teams/9234/Show/Denmark-Lyngby-Reserves', '/Teams/9224/Show/Denmark-FC-Nordsjaelland-Reserves']}
{'/Regions/64/Tournaments/277/Egypt-Premier-League\n': ['/Teams/4869/Show/Egypt-Al-Ahly', '/Teams/4669/Show/Egypt-El-Zamalek', '/Teams/15083/Show/Egypt-Pyramids-FC', '/Teams/4868/Show/Egypt-Al-Masry', '/Teams/4896/Show/Egypt-Al-Mokawloon-Al-Arab', '/Teams/9183/Show/Egypt-Misr-El-Maqasa', '/Teams/4870/Show/Egypt-Ismaily-SC', '/Teams/4884/Show/Egypt-El-Geish', '/Teams/4874/Show/Egypt-ENPPI', '/Teams/9184/Show/Egypt-Wadi-Degla-FC', '/Teams/4876/Show/Egypt-Al-Ittihad-Al-Sakandary', '/Teams/4875/Show/Egypt-El-Hodood', '/Teams/7609/Show/Egypt-El-Entag-El-Harby', '/Teams/9182/Show/Egypt-Smouha-SC', '/Teams/7608/Show/Egypt-El-Gounah', '/Teams/4872/Show/Egypt-Petrojet', '/Teams/10679/Show/Egypt-El-Dakhleya', '/Teams/15090/Show/Egypt-Nogoom-FC']}
{'/Regions/64/Tournaments/519/Egypt-\n': ['/Teams/4897/Show/Egypt-Baladiyyat-Al-Mehalla', '/Teams/11384/Show/Egypt-El-Raja-Marsa-Matruh', '/Teams/4875/Show/Egypt-El-Hodood', '/Teams/18285/Show/Egypt-Pharco-FC', '/Teams/4873/Show/Egypt-Ghazl-Al-Mehalla', '/Teams/7607/Show/Egypt-El-Mansura', '/Teams/11385/Show/Egypt-Markaz-Shabab-Koom-Hamada', '/Teams/11373/Show/Egypt-Nabarouh', '/Teams/11392/Show/Egypt-Alaab-Damanhour', '/Teams/5549/Show/Egypt-Al-Olympi', '/Teams/11390/Show/Egypt-EL-Hamam', '/Teams/11375/Show/Egypt-Sherben', '/Teams/11378/Show/Egypt-Kafr-El-Shaikh', '/Teams/19551/Show/Egypt-El-Horreya', '/Teams/11387/Show/Egypt-Meiah-Elbehairah', '/Teams/24870/Show/Egypt-Bader', '/Teams/18281/Show/Egypt-Sed-Elmahla', '/Teams/15068/Show/Egypt-Dekernes']}
{'/Regions/65/Tournaments/250/El-Salvador-Primera-Division\n': ['/Teams/4081/Show/El-Salvador-Alianza-FC', '/Teams/4069/Show/El-Salvador-CD-FAS', '/Teams/7640/Show/El-Salvador-Municipal-Limeno', '/Teams/23705/Show/El-Salvador-CD-Sonsonate', '/Teams/4070/Show/El-Salvador-CD-Aguila', '/Teams/11602/Show/El-Salvador-Santa-Tecla-FC', '/Teams/28619/Show/El-Salvador-El-Vencedor', '/Teams/4082/Show/El-Salvador-Isidro-Metapan', '/Teams/4080/Show/El-Salvador-CD-Chalatenango', '/Teams/28618/Show/El-Salvador-Independiente-FC', '/Teams/27827/Show/El-Salvador-Jocoro-FC', '/Teams/4067/Show/El-Salvador-Once-Deportivo']}
{'/Regions/252/Tournaments/2/England-Premier-League\n': ['/Teams/26/Show/England-Liverpool', '/Teams/167/Show/England-Manchester-City', '/Teams/14/Show/England-Leicester', '/Teams/15/Show/England-Chelsea', '/Teams/32/Show/England-Manchester-United', '/Teams/161/Show/England-Wolverhampton-Wanderers', '/Teams/163/Show/England-Sheffield-United', '/Teams/30/Show/England-Tottenham', '/Teams/13/Show/England-Arsenal', '/Teams/184/Show/England-Burnley', '/Teams/162/Show/England-Crystal-Palace', '/Teams/31/Show/England-Everton', '/Teams/23/Show/England-Newcastle-United', '/Teams/18/Show/England-Southampton', '/Teams/211/Show/England-Brighton', '/Teams/29/Show/England-West-Ham', '/Teams/27/Show/England-Watford', '/Teams/183/Show/England-Bournemouth', '/Teams/24/Show/England-Aston-Villa', '/Teams/168/Show/England-Norwich']}
{'/Regions/252/Tournaments/70/England-National-League-Premier\n': ['/Teams/1383/Show/England-Barrow', '/Teams/1974/Show/England-Harrogate', '/Teams/198/Show/England-Notts-Co-', '/Teams/922/Show/England-Yeovil', '/Teams/1976/Show/England-Boreham-Wood', '/Teams/201/Show/England-Halifax', '/Teams/172/Show/England-Stockport-County', '/Teams/6105/Show/England-Solihull-Moors', '/Teams/209/Show/England-Hartlepool', '/Teams/991/Show/England-Woking', '/Teams/206/Show/England-Barnet', '/Teams/909/Show/England-Dover', '/Teams/3940/Show/England-Bromley', '/Teams/5952/Show/England-Sutton-United', '/Teams/204/Show/England-Torquay', '/Teams/1392/Show/England-Aldershot', '/Teams/6106/Show/England-Eastleigh', '/Teams/917/Show/England-Dag-and-Red', '/Teams/180/Show/England-Chesterfield', '/Teams/199/Show/Wales-Wrexham', '/Teams/912/Show/England-Ebbsfleet-United', '/Teams/3935/Show/England-Maidenhead-United', '/Teams/10541/Show/England-AFC-Fylde', '/Teams/10315/Show/England-Chorley']}
{'/Regions/252/Tournaments/314/England-National-League\n': ['/Teams/6064/Show/England-Wealdstone', '/Teams/1979/Show/England-Havant-and-Waterlooville', '/Teams/3547/Show/England-Weymouth', '/Teams/2793/Show/England-Bath-City', '/Teams/2798/Show/England-Slough-Town', '/Teams/6140/Show/England-Dartford', '/Teams/18219/Show/England-Dorking-Wanderers', '/Teams/5271/Show/England-Hampton-Richmond', '/Teams/5842/Show/England-Maidstone', '/Teams/3938/Show/England-Chelmsford', '/Teams/6120/Show/England-Hemel-Hempstead', '/Teams/3546/Show/England-Chippenham-Town', '/Teams/1395/Show/England-Welling', '/Teams/6110/Show/England-Oxford-City', '/Teams/3543/Show/England-Eastbourne-Borough', '/Teams/10618/Show/England-Dulwich-Hamlet', '/Teams/9326/Show/England-Concord-Rangers', '/Teams/2794/Show/England-Billericay', '/Teams/1978/Show/England-St-Albans', '/Teams/6137/Show/England-Tonbridge-Angels', '/Teams/3551/Show/England-Braintree-Town', '/Teams/10595/Show/England-Hungerford-Town']}
{'/Regions/252/Tournaments/315/England-Regional-League\n': ['/Teams/10596/Show/England-Worthing', '/Teams/7490/Show/England-Cray-Wanderers', '/Teams/2282/Show/England-Hornchurch', '/Teams/3545/Show/England-Folkestone-Invicta', '/Teams/6135/Show/England-Carshalton-Athletic', '/Teams/5272/Show/England-Horsham', '/Teams/10592/Show/England-Enfield-Town', '/Teams/6108/Show/England-Bognor-Regis-Town', '/Teams/3934/Show/England-Leatherhead', '/Teams/920/Show/England-Kingstonian', '/Teams/10318/Show/England-East-Thurrock-United', '/Teams/1298/Show/England-Margate', '/Teams/10579/Show/England-Potters-Bar-Town', '/Teams/18223/Show/England-Bowers-Pitsea', '/Teams/24247/Show/England-Haringey-Borough', '/Teams/1409/Show/England-Lewes', '/Teams/2279/Show/England-Bishop-s-Stortford', '/Teams/10589/Show/England-Cheshunt', '/Teams/10578/Show/England-Corinthian-Casuals', '/Teams/10317/Show/England-Wingate-Finchley', '/Teams/10619/Show/England-Merstham', '/Teams/18222/Show/England-Brightlingsea-Regent']}
{'/Regions/252/Tournaments/23/England-Johnstones-Paint-Trophy\n': ['/Teams/186/Show/England-Scunthorpe', '/Teams/25351/Show/England-Leicester-City-Academy', '/Teams/16/Show/England-Sunderland', '/Teams/164/Show/England-Grimsby']}
{'/Regions/252/Tournaments/389/England-Professional-Development-League\n': ['/Teams/11879/Show/England-Chelsea-U23', '/Teams/13574/Show/England-Leicester-City-U23', '/Teams/17780/Show/England-Brighton-Hove-Albion-U23', '/Teams/17776/Show/England-Derby-County-U23', '/Teams/11881/Show/England-Liverpool-U23', '/Teams/11890/Show/England-Arsenal-U23', '/Teams/11889/Show/England-Everton-U23', '/Teams/11880/Show/England-Manchester-City-U23', '/Teams/11893/Show/England-Blackburn-Rovers-U23', '/Teams/11895/Show/England-Tottenham-Hotspur-U23', '/Teams/11898/Show/England-Southampton-U23', '/Teams/11882/Show/England-Wolverhampton-Wanderers-U23']}
{'/Regions/68/Tournaments/148/Estonia-Meistriliiga\n': ['/Teams/744/Show/Estonia-Flora-Tallinn', '/Teams/571/Show/Estonia-FCI-Levadia', '/Teams/5352/Show/Estonia-Nomme-JK-Kalju', '/Teams/6309/Show/Estonia-Paide-Linnameeskond', '/Teams/2930/Show/Estonia-Tammeka', '/Teams/524/Show/Estonia-Narva-Trans', '/Teams/708/Show/Estonia-Tulevik-Viljandi', '/Teams/4151/Show/Estonia-Talinna-Kalev', '/Teams/2929/Show/Estonia-FC-Kuressaare', '/Teams/22858/Show/Estonia-Maardu-Linnameeskond']}
{'/Regions/68/Tournaments/405/Estonia-Esiliiga\n': ['/Teams/7981/Show/Estonia-TJK-Legion', '/Teams/7986/Show/Estonia-Flora-Tallinn-U21', '/Teams/26798/Show/Estonia-Parnu-JK-Vaprus', '/Teams/28312/Show/Estonia-Tammeka-U21', '/Teams/22904/Show/Estonia-FC-Elva', '/Teams/7983/Show/Estonia-FCI-Levadia-U21', '/Teams/2406/Show/Estonia-FC-Kohtla-Jaerve', '/Teams/7985/Show/Estonia-Rakvere-JK-Tarvas', '/Teams/27520/Show/Estonia-Talinna-Kalev-U21', '/Teams/23310/Show/Estonia-Tartu-JK-Welco']}
{'/Regions/71/Tournaments/160/Faroe-Islands-Formuladeildin\n': ['/Teams/580/Show/Faroe-Islands-Klaksvik', '/Teams/743/Show/Faroe-Islands-B36-Torshavn', '/Teams/2174/Show/Faroe-Islands-NSI-Runavik', '/Teams/515/Show/Faroe-Islands-HB-Torshavn', '/Teams/739/Show/Faroe-Islands-Vikingur', '/Teams/2499/Show/Faroe-Islands-Skala', '/Teams/4181/Show/Faroe-Islands-AB-Argir', '/Teams/2941/Show/Faroe-Islands-TB-FCS-Royn', '/Teams/2506/Show/Faroe-Islands-EB-Streymur', '/Teams/2507/Show/Faroe-Islands-Fuglafjordur']}
{'/Regions/72/Tournaments/346/Fiji-National-League\n': ['/Teams/5223/Show/Fiji-Ba', '/Teams/6541/Show/Fiji-Rewa', '/Teams/6546/Show/Fiji-Lautoka', '/Teams/6548/Show/Fiji-Labasa', '/Teams/6545/Show/Fiji-Suva', '/Teams/6542/Show/Fiji-Nadi', '/Teams/24945/Show/Fiji-Dreketi', '/Teams/6544/Show/Fiji-Nadroga']}
{'/Regions/73/Tournaments/43/Finland-Veikkausliiga\n': ['/Teams/465/Show/Finland-FC-Inter', '/Teams/1126/Show/Finland-KuPS', '/Teams/7214/Show/Finland-Ilves', '/Teams/471/Show/Finland-HJK', '/Teams/1688/Show/Finland-Honka', '/Teams/2759/Show/Finland-IFK-Mariehamn', '/Teams/7228/Show/Finland-SJK', '/Teams/474/Show/Finland-FC-Lahti', '/Teams/4657/Show/Finland-HIFK', '/Teams/476/Show/Finland-RoPS', '/Teams/3257/Show/Finland-KPV', '/Teams/473/Show/Finland-VPS']}
{'/Regions/73/Tournaments/202/Finland-Ykkonen\n': ['/Teams/469/Show/Finland-Haka', '/Teams/472/Show/Finland-TPS', '/Teams/862/Show/Finland-FF-Jaro', '/Teams/2070/Show/Finland-FC-KTP', '/Teams/8698/Show/Finland-Musan-Salama', '/Teams/7219/Show/Finland-EIF', '/Teams/3255/Show/Finland-AC-Oulu', '/Teams/11157/Show/Finland-AC-Kajaani', '/Teams/475/Show/Finland-MYPA', '/Teams/4487/Show/Finland-TPV-Tampere']}
{'/Regions/74/Tournaments/320/France-Championnat-National\n': ['/Teams/1363/Show/France-Pau', '/Teams/3966/Show/France-Dunkerque', '/Teams/1438/Show/France-Boulogne', '/Teams/2028/Show/France-Bourg-en-Bresse-Peronnas', '/Teams/216/Show/France-Red-Star', '/Teams/2821/Show/France-Avranches', '/Teams/6051/Show/France-Villefranche-Beaujolais', '/Teams/3577/Show/France-Lyon-la-Duchere', '/Teams/410/Show/France-Creteil', '/Teams/152/Show/France-Laval', '/Teams/3957/Show/France-Concarneau', '/Teams/14944/Show/France-Cholet', '/Teams/2026/Show/France-Quevilly', '/Teams/9545/Show/France-FC-Bastia-Borgo', '/Teams/10831/Show/France-Le-Puy', '/Teams/9555/Show/France-AS-Beziers', '/Teams/940/Show/France-GFC-Ajaccio', '/Teams/2827/Show/France-SC-Toulon']}
{'/Regions/74/Tournaments/460/France-Championnat-de-France-Amateur\n': ['/Teams/10818/Show/France-Annecy-FC', '/Teams/12643/Show/France-RC-Grasse', '/Teams/9551/Show/France-Monts-d-Or-Azergues', '/Teams/1471/Show/France-Moulins-Yzeure', '/Teams/609/Show/France-Martigues', '/Teams/873/Show/France-Louhans-Cuiseaux', '/Teams/1433/Show/France-Etoile-Frejus-Saint-Raphael', '/Teams/9561/Show/France-Lyon-B', '/Teams/3581/Show/France-Hyeres', '/Teams/19214/Show/France-Marseille-B', '/Teams/9548/Show/France-Jura-Sud', '/Teams/5316/Show/France-Marignane-Gignac-FC', '/Teams/9560/Show/France-Monaco-B', '/Teams/1427/Show/France-St-Priest', '/Teams/18761/Show/France-US-Marseille-Endoume-Catalans', '/Teams/24496/Show/France-Nimes-B']}
{'/Regions/78/Tournaments/345/Gabon-Championnat-National-de-D1\n': ['/Teams/9950/Show/Gabon-CF-Mounana', '/Teams/6536/Show/Gabon-Mangasport', '/Teams/6535/Show/Gabon-AS-Pélican', '/Teams/6529/Show/Gabon-US-Bitam', '/Teams/6537/Show/Gabon-Missile-FC', '/Teams/6530/Show/Gabon-AS-Stade-Mandji', '/Teams/6539/Show/Gabon-Cercle-Mbéri-Sportif', '/Teams/9948/Show/Gabon-Akanda-FC', '/Teams/15048/Show/Gabon-Port-Gentil-FC', '/Teams/12527/Show/Gabon-Stade-Migoveen-de-Lambarene', '/Teams/24891/Show/Gabon-Olympique-de-Mandji', '/Teams/6532/Show/Gabon-F-Canon-105', '/Teams/6531/Show/Gabon-Union-Sportive-d-Oyem', '/Teams/9949/Show/Gabon-Nguen-Asuku-FC']}
{'/Regions/79/Tournaments/347/Gambia-GFA-Premier-League\n': ['/Teams/8532/Show/Gambia-Gambia-Ports-Authority', '/Teams/6557/Show/Gambia-Brikama-United', '/Teams/6551/Show/Gambia-Real-de-Banjul', '/Teams/6549/Show/Gambia-GAMTEL', '/Teams/6550/Show/Gambia-Banjul-Hawks', '/Teams/6556/Show/Gambia-Steve-Biko', '/Teams/19586/Show/Gambia-Bombada-United', '/Teams/6553/Show/Gambia-Samger', '/Teams/6554/Show/Gambia-Armed-Forces', '/Teams/11078/Show/Gambia-Serrekunda-United', '/Teams/15108/Show/Gambia-Wallidan', '/Teams/15107/Show/Gambia-Banjul-United']}
{'/Regions/80/Tournaments/168/Georgia-Umaglesi-Liga\n': ['/Teams/1262/Show/Georgia-Dinamo-Tbilisi', '/Teams/13735/Show/Georgia-Saburtalo', '/Teams/2582/Show/Georgia-Dinamo-Batumi', '/Teams/699/Show/Georgia-Lokomotivi-Tbilisi', '/Teams/3774/Show/Georgia-Chikhura', '/Teams/602/Show/Georgia-Torpedo-Kutaisi', '/Teams/2560/Show/Georgia-Dila-Gori', '/Teams/11597/Show/Georgia-FC-Rustavi', '/Teams/2172/Show/Georgia-Sioni-Bolnisi', '/Teams/1678/Show/Georgia-WIT-Georgia-Tbilisi']}
{'/Regions/80/Tournaments/522/Georgia-\n': ['/Teams/22861/Show/Georgia-Aragvi-Dusheti', '/Teams/5791/Show/Georgia-FC-Gagra', '/Teams/11597/Show/Georgia-FC-Rustavi', '/Teams/11332/Show/Georgia-FC-Samgurali-Tskhaltubo', '/Teams/28102/Show/Georgia-FC-Shevardeni-1906', '/Teams/11989/Show/Georgia-FC-Shukura-Kobuleti', '/Teams/7624/Show/Georgia-FC-Zugdidi', '/Teams/10410/Show/Georgia-Merani-Martvili', '/Teams/2172/Show/Georgia-Sioni-Bolnisi', '/Teams/1678/Show/Georgia-WIT-Georgia-Tbilisi']}
{'/Regions/84/Tournaments/292/Greece-Second-Division\n': ['/Teams/27265/Show/Greece-NFC-Volos', '/Teams/25518/Show/Greece-Apollon-Larissa', '/Teams/7802/Show/Greece-Platanias', '/Teams/1942/Show/Greece-Ergotelis', '/Teams/1100/Show/Greece-Apollon-Pontou', '/Teams/857/Show/Greece-Panachaiki', '/Teams/15197/Show/Greece-AOK-Kerkyra', '/Teams/13815/Show/Greece-PAE-Chania', '/Teams/6181/Show/Greece-Doxa-Dramas', '/Teams/848/Show/Greece-Iraklis', '/Teams/13832/Show/Greece-AE-Karaiskakis', '/Teams/7806/Show/Greece-Trikala', '/Teams/13846/Show/Greece-PAS-Irodotos', '/Teams/27284/Show/Greece-Aittitos-Spaton', '/Teams/12478/Show/Greece-Aiginiakos-FC', '/Teams/23312/Show/Greece-AE-Sparti']}
{'/Regions/84/Tournaments/536/Greece-\n': ['/Teams/12501/Show/Greece-Olympiacos-U20', '/Teams/12243/Show/Greece-Atromitos-Ath-U20', '/Teams/12260/Show/Greece-PAOK-Thessaloniki-FC-U20', '/Teams/12502/Show/Greece-Xanthi-U20', '/Teams/12504/Show/Greece-Panathinaikos-U20', '/Teams/12259/Show/Greece-Asteras-Tripolis-U20', '/Teams/12246/Show/Greece-AEK-U20', '/Teams/12118/Show/Greece-Veria-U20', '/Teams/12257/Show/Greece-Panionios-U20', '/Teams/12119/Show/Greece-PAS-Giannina-U20', '/Teams/12245/Show/Greece-Panthrakikos-U20', '/Teams/12258/Show/Greece-Aris-Thessaloniki-FC-U20', '/Teams/12256/Show/Greece-Platanias-U20', '/Teams/12247/Show/Greece-AO-Kerkyra-U20', '/Teams/12244/Show/Greece-Levadiakos-U20', '/Teams/12554/Show/Greece-OFI-Crete-U20']}
{'/Regions/89/Tournaments/239/Guatemala-Liga-Nacional\n': ['/Teams/8115/Show/Guatemala-Coban-Imperial', '/Teams/3995/Show/Guatemala-CSD-Municipal', '/Teams/3988/Show/Guatemala-Comunicaciones-FC', '/Teams/8114/Show/Guatemala-Antigua-Guatemala', '/Teams/23846/Show/Guatemala-Sanarate', '/Teams/8116/Show/Guatemala-Guastatoya', '/Teams/4704/Show/Guatemala-Deportivo-Malacateco', '/Teams/8112/Show/Guatemala-Iztapa', '/Teams/3981/Show/Guatemala-Club-Xelaju', '/Teams/23845/Show/Guatemala-Santa-Lucia-Cotzumalguapa', '/Teams/8111/Show/Guatemala-Mixco', '/Teams/25266/Show/Guatemala-Siquinala']}
{'/Regions/91/Tournaments/354/Guinea-Championnat-National\n': ['/Teams/6594/Show/Guinea-Horoya-AC', '/Teams/8632/Show/Guinea-AS-du-Kaloum-Star', '/Teams/6588/Show/Guinea-Fello-Star', '/Teams/6591/Show/Guinea-Hafia-FC', '/Teams/15040/Show/Guinea-Soumba-FC', '/Teams/6590/Show/Guinea-CI-Kamsar', '/Teams/6589/Show/Guinea-ASFAG', '/Teams/19165/Show/Guinea-Gangan-FC', '/Teams/6598/Show/Guinea-Athlético-Coléah', '/Teams/6600/Show/Guinea-Satellite-FC', '/Teams/6596/Show/Guinea-Ashanti-GB', '/Teams/24892/Show/Guinea-Flamme-Olympique']}
{'/Regions/97/Tournaments/240/Honduras-Liga-Nacional\n': ['/Teams/3607/Show/Honduras-CD-Olimpia', '/Teams/3997/Show/Honduras-CD-Marathon', '/Teams/3992/Show/Honduras-CD-Motagua', '/Teams/27106/Show/Honduras-Lobos-UPNFM', '/Teams/3990/Show/Honduras-CD-Vida', '/Teams/27859/Show/Honduras-Real-de-Minas', '/Teams/3999/Show/Honduras-Real-Espana', '/Teams/3991/Show/Honduras-Platense-FC', '/Teams/11742/Show/Honduras-CD-Real-Sociedad', '/Teams/16715/Show/Honduras-Honduras-Progreso']}
{'/Regions/98/Tournaments/332/Hong-Kong-1-Division\n': ['/Teams/6405/Show/Hong-Kong-Tai-Po', '/Teams/25426/Show/China-Guangzhou-R-F-U19', '/Teams/6403/Show/Hong-Kong-Kitchee', '/Teams/11954/Show/Hong-Kong-Southern-District-RSA', '/Teams/6400/Show/Hong-Kong-Eastern-Sports-Club', '/Teams/6402/Show/Hong-Kong-Pegasus-FC', '/Teams/13724/Show/Hong-Kong-Yuen-Long', '/Teams/10644/Show/Hong-Kong-King-Fung', '/Teams/27147/Show/Hong-Kong-Warriors', '/Teams/27193/Show/Hong-Kong-Hoi-King']}
{'/Regions/98/Tournaments/607/Hong-Kong-Hong-Kong-2\n': ['/Teams/6401/Show/Hong-Kong-Happy-Valley', '/Teams/9323/Show/Hong-Kong-Hong-Kong-FC', '/Teams/11953/Show/Hong-Kong-Rangers', '/Teams/19580/Show/Hong-Kong-Wing-Yee', '/Teams/19117/Show/Hong-Kong-Eastern-District', '/Teams/7743/Show/Hong-Kong-Shatin-SA', '/Teams/7742/Show/Hong-Kong-Resources-Capital-FC', '/Teams/4670/Show/Hong-Kong-South-China', '/Teams/19119/Show/Hong-Kong-Central-Western', '/Teams/6399/Show/Hong-Kong-Citizen', '/Teams/17970/Show/Hong-Kong-Wong-Tai-Sin', '/Teams/6410/Show/Hong-Kong-HONGDA', '/Teams/19060/Show/Hong-Kong-Double-Flower', '/Teams/6406/Show/Hong-Kong-SR-Mutual']}
{'/Regions/99/Tournaments/75/Hungary-Soproni-Liga\n': ['/Teams/994/Show/Hungary-Ferencvaros', '/Teams/1037/Show/Hungary-Fehervar-FC', '/Teams/7874/Show/Hungary-Mezokovesd-SE', '/Teams/11854/Show/Hungary-Puskas-FC-Academy', '/Teams/1947/Show/Hungary-Diosgyori-VTK', '/Teams/1034/Show/Hungary-Budapest-Honved', '/Teams/13581/Show/Hungary-Varda-SE', '/Teams/1036/Show/Hungary-Debrecen', '/Teams/1085/Show/Hungary-Ujpest', '/Teams/993/Show/Hungary-Zalaegerszeg', '/Teams/3755/Show/Hungary-Paksi-SE', '/Teams/1945/Show/Hungary-Kaposvari']}
{'/Regions/99/Tournaments/419/Hungary-NB-II\n': ['/Teams/738/Show/Hungary-MTK-Budapest', '/Teams/24020/Show/Hungary-Budafok', '/Teams/723/Show/Hungary-Vasas-Budapest', '/Teams/11853/Show/Hungary-Aqvital-FC-Csakvar', '/Teams/4668/Show/Hungary-BFC-Siofok', '/Teams/1086/Show/Hungary-Gyori-ETO', '/Teams/3933/Show/Hungary-Gyirmot', '/Teams/8102/Show/Hungary-FC-Ajka', '/Teams/1960/Show/Hungary-Nyiregyhaza-Spartacus-FC', '/Teams/16687/Show/Hungary-Soroksar-SC', '/Teams/10446/Show/Hungary-Szeged-2011', '/Teams/8100/Show/Hungary-Budaors', '/Teams/17803/Show/Hungary-Dorogi-FC', '/Teams/2803/Show/Hungary-Kazincbarcikai-BSC', '/Teams/1732/Show/Hungary-Bekescsaba', '/Teams/1959/Show/Hungary-Szolnok', '/Teams/1199/Show/Hungary-Haladas', '/Teams/27832/Show/Hungary-Duna-Aszfalt-TVSE', '/Teams/3754/Show/Hungary-Vac-FC', '/Teams/10445/Show/Hungary-Balmazujvaros']}
{'/Regions/99/Tournaments/538/Hungary-\n': ['/Teams/12105/Show/Hungary-MTK-Budapest-U19', '/Teams/12070/Show/Hungary-Budapest-Honved-U19', '/Teams/12284/Show/Hungary-Ferencvaros-U19', '/Teams/12588/Show/Hungary-Puskas-FC-Academy-U19', '/Teams/12107/Show/Hungary-Gyori-ETO-U19', '/Teams/12299/Show/Hungary-Vasas-Budapest-U19', '/Teams/12298/Show/Hungary-Debrecen-U19', '/Teams/12587/Show/Hungary-Haladas-U19', '/Teams/12057/Show/Hungary-Ujpest-FC-U19', '/Teams/12109/Show/Hungary-Vac-U19', '/Teams/12069/Show/Hungary-Kaposvari-U19', '/Teams/12056/Show/Hungary-Nyirsuli-Nyiregyhaza-U19', '/Teams/12106/Show/Hungary-Pecsi-MFC-U19', '/Teams/12104/Show/Hungary-Diosgyori-VTK-U19', '/Teams/12285/Show/Hungary-Kecskemeti-TE-U19', '/Teams/12117/Show/Hungary-Bekescsaba-UFC-U19']}
{'/Regions/101/Tournaments/582/India-Indian-Super-League\n': ['/Teams/18125/Show/India-FC-Goa', '/Teams/18119/Show/India-ATK', '/Teams/13777/Show/India-Bengaluru-FC', '/Teams/18126/Show/India-Chennaiyin-FC', '/Teams/18120/Show/India-Mumbai-City-FC', '/Teams/18121/Show/India-Odisha-FC', '/Teams/18124/Show/India-Kerala-Blasters-FC', '/Teams/27260/Show/India-Jamshedpur', '/Teams/18123/Show/India-Northeast-United-FC', '/Teams/28751/Show/India-Hyderabad-FC', '/Teams/18122/Show/India-FC-Pune-City']}
{'/Regions/102/Tournaments/334/Indonesia-Super-Liga\n': ['/Teams/7844/Show/Indonesia-Bali-United-Pusam', '/Teams/27627/Show/Indonesia-Persebaya-Surabaya', '/Teams/6431/Show/Indonesia-Madura-United', '/Teams/6426/Show/Indonesia-Persipura-Jayapura', '/Teams/7843/Show/Indonesia-Bhayangkara-FC', '/Teams/20306/Show/Indonesia-Pusamania-Borneo', '/Teams/6439/Show/Indonesia-Persib-Bandung', '/Teams/28409/Show/Indonesia-PSS-Sleman', '/Teams/6425/Show/Indonesia-Arema', '/Teams/6435/Show/Indonesia-Persela-Lamongan', '/Teams/6433/Show/Indonesia-Persija-Jakarta', '/Teams/6428/Show/Indonesia-PSM-Makassar', '/Teams/6429/Show/Indonesia-PSIS', '/Teams/12967/Show/Indonesia-Barito-Putera', '/Teams/25110/Show/Indonesia-TIRA-Persikabo', '/Teams/15121/Show/Indonesia-Perseru-Badak-Lampung', '/Teams/9673/Show/Indonesia-Semen-Padang', '/Teams/28408/Show/Indonesia-Kalteng-Putra']}
{'/Regions/103/Tournaments/534/Iran-\n': ['/Teams/23966/Show/Iran-Aluminium-Arak', '/Teams/28705/Show/Iran-Arman-Gahar-Sirjan', '/Teams/24462/Show/Iran-Baadraan-Tehran', '/Teams/4908/Show/Iran-Damash', '/Teams/12208/Show/Iran-Esteghlal-Khuzestan', '/Teams/4912/Show/Iran-Fajr-Sepasi', '/Teams/25368/Show/Iran-Gol-Reyhan-Alborz', '/Teams/28702/Show/Iran-Khooshe-Talaee-Sana-Saveh', '/Teams/4905/Show/Iran-Malavan', '/Teams/4911/Show/Iran-Mes-Kerman', '/Teams/12209/Show/Iran-Mes-Rafsanjan', '/Teams/27951/Show/Iran-Navad-Urmia', '/Teams/12233/Show/Iran-Niroye-Zamini', '/Teams/26618/Show/Iran-Qashqai', '/Teams/28704/Show/Iran-Rayka-Babol', '/Teams/25369/Show/Iran-Sepidrood-Rasht', '/Teams/12073/Show/Iran-Shahrdari-Tabriz', '/Teams/27910/Show/Iran-Sorkhpooshan-Pakdasht']}
{'/Regions/105/Tournaments/113/Ireland-Airtricity-League\n': ['/Teams/1711/Show/Ireland-Shamrock-Rovers', '/Teams/1720/Show/Ireland-Dundalk', '/Teams/737/Show/Ireland-Bohemian-FC', '/Teams/1677/Show/Ireland-St-Patrick-s-Athletic', '/Teams/577/Show/Ireland-Shelbourne', '/Teams/1719/Show/Ireland-Waterford-FC', '/Teams/1698/Show/Ireland-Derry-City', '/Teams/1736/Show/Ireland-Finn-Harps', '/Teams/726/Show/Ireland-Cork-City', '/Teams/1742/Show/Ireland-Sligo-Rovers']}
{'/Regions/105/Tournaments/197/Ireland-Second-Division\n': ['/Teams/20105/Show/Ireland-Cabinteely', '/Teams/1697/Show/Ireland-Drogheda-United', '/Teams/1274/Show/Ireland-Longford-Town', '/Teams/517/Show/Ireland-UCD', '/Teams/1696/Show/Ireland-Bray-Wanderers', '/Teams/1744/Show/Ireland-Cobh-Ramblers', '/Teams/15127/Show/Ireland-Galway-United-FC', '/Teams/4144/Show/Ireland-Wexford-FC', '/Teams/15105/Show/Ireland-Shamrock-Rovers-II', '/Teams/1724/Show/Ireland-Athlone-Town']}
{'/Regions/107/Tournaments/97/Israel-Ligat-ha-Al\n': ['/Teams/703/Show/Israel-Beitar-Jerusalem', '/Teams/1306/Show/Israel-Hapoel-Beer-Sheva', '/Teams/1168/Show/Israel-Hapoel-Haifa', '/Teams/599/Show/Israel-Hapoel-Tel-Aviv', '/Teams/705/Show/Israel-Maccabi-Haifa', '/Teams/1268/Show/Israel-Maccabi-Tel-Aviv']}
{'/Regions/107/Tournaments/181/Israel-Liga-Leumit\n': ['/Teams/1324/Show/Israel-Maccabi-Petach-Tikva', '/Teams/1304/Show/Israel-Hapoel-Rishon-LeZion', '/Teams/2223/Show/Israel-Bnei-Sakhnin', '/Teams/13487/Show/Israel-Hapoel-Katamon-Jerusalem', '/Teams/2700/Show/Israel-Hapoel-Nir-Ramat-HaSharon', '/Teams/25125/Show/Israel-SC-Kfar-Kasem', '/Teams/7604/Show/Israel-Beitar-Tel-Aviv-Bat-Yam', '/Teams/4956/Show/Israel-Hapoel-Ramat-Gan', '/Teams/28524/Show/Israel-Hapoel-Umm-al-Fahm', '/Teams/2695/Show/Israel-Hapoel-Ironi-Acre', '/Teams/1316/Show/Israel-Hapoel-Petah-Tikva', '/Teams/2707/Show/Israel-Hapoel-Nof-HaGalil', '/Teams/2224/Show/Israel-Maccabi-Ahi-Nazareth', '/Teams/2867/Show/Israel-Hapoel-Ashkelon', '/Teams/3854/Show/Israel-Hapoel-Bnei-Lod', '/Teams/13035/Show/Israel-Hapoel-Afula']}
{'/Regions/108/Tournaments/5/Italy-Serie-A\n': ['/Teams/87/Show/Italy-Juventus', '/Teams/77/Show/Italy-Lazio', '/Teams/75/Show/Italy-Inter', '/Teams/300/Show/Italy-Atalanta', '/Teams/84/Show/Italy-Roma', '/Teams/276/Show/Italy-Napoli', '/Teams/80/Show/Italy-AC-Milan', '/Teams/76/Show/Italy-Verona', '/Teams/24341/Show/Italy-Parma-Calcio-1913', '/Teams/71/Show/Italy-Bologna', '/Teams/2889/Show/Italy-Sassuolo', '/Teams/78/Show/Italy-Cagliari', '/Teams/73/Show/Italy-Fiorentina', '/Teams/86/Show/Italy-Udinese', '/Teams/72/Show/Italy-Torino', '/Teams/271/Show/Italy-Sampdoria', '/Teams/278/Show/Italy-Genoa', '/Teams/79/Show/Italy-Lecce', '/Teams/1502/Show/Italy-SPAL-2013', '/Teams/144/Show/Italy-Brescia']}
{'/Regions/108/Tournaments/106/Italy-Lega-Pro\n': ['/Teams/269/Show/Italy-Monza', '/Teams/1499/Show/Italy-Carrarese', '/Teams/7587/Show/Italy-Renate', '/Teams/5548/Show/Italy-Pontedera', '/Teams/5855/Show/Italy-Alessandria', '/Teams/773/Show/Italy-Robur-Siena', '/Teams/1496/Show/Italy-AlbinoLeffe', '/Teams/2210/Show/Italy-Novara', '/Teams/1289/Show/Italy-S-S-Arezzo', '/Teams/27917/Show/Italy-Juventus-U23', '/Teams/280/Show/Italy-Pistoiese', '/Teams/1290/Show/Italy-Como', '/Teams/1843/Show/Italy-Pro-Patria', '/Teams/8179/Show/Italy-Pro-Vercelli', '/Teams/1500/Show/Italy-Lecco', '/Teams/13679/Show/Italy-Pergolettese', '/Teams/17890/Show/Italy-Giana-Erminio', '/Teams/5856/Show/Italy-Olbia', '/Teams/19455/Show/Italy-Pianese', '/Teams/24331/Show/Italy-ASDC-Gozzano']}
{'/Regions/108/Tournaments/435/Italy-Lega-Pro-Seconda-Divisione\n': ['/Teams/1495/Show/Italy-Lucchese', '/Teams/1284/Show/Italy-Prato', '/Teams/27177/Show/Italy-Seravezza', '/Teams/9490/Show/Italy-AS-Casale', '/Teams/19466/Show/Italy-Caronnese', '/Teams/9493/Show/Italy-Savona', '/Teams/25442/Show/Italy-Real-Forte-Querceta', '/Teams/5875/Show/Italy-Borgosesia', '/Teams/3844/Show/Italy-Sanremese', '/Teams/11789/Show/Italy-ASD-Calcio-Chieri-1955', '/Teams/28710/Show/Italy-Fossano', '/Teams/19465/Show/Italy-Lavagnese', '/Teams/13676/Show/Italy-Bra', '/Teams/24329/Show/Italy-Ghivizzano-Borgoamozzano', '/Teams/24332/Show/Italy-US-Fezzanese', '/Teams/19463/Show/Italy-Vado', '/Teams/23613/Show/Italy-Verbania', '/Teams/24333/Show/Italy-SCD-Ligorna']}
{'/Regions/255/Tournaments/249/Ivory-Coast-Ligue-1\n': ['/Teams/26636/Show/Ivory-Coast-San-Pedro', '/Teams/4073/Show/Ivory-Coast-SO-Armee', '/Teams/4072/Show/Ivory-Coast-ASEC-Mimosas', '/Teams/27997/Show/Ivory-Coast-Racing-Club', '/Teams/18772/Show/Ivory-Coast-Bouake-FC', '/Teams/4075/Show/Ivory-Coast-Africa-Sports', '/Teams/26635/Show/Ivory-Coast-Williamsville-Athletic-Club', '/Teams/10203/Show/Ivory-Coast-ASI-D-Abengourou', '/Teams/14876/Show/Ivory-Coast-AS-Tanda', '/Teams/8694/Show/Ivory-Coast-Academia-F-Amadou-Diallo', '/Teams/4064/Show/Ivory-Coast-Sporting-Gagnoa', '/Teams/5340/Show/Ivory-Coast-Bassam', '/Teams/27996/Show/Ivory-Coast-Lys-Sassandra', '/Teams/24877/Show/Ivory-Coast-Moossou-FC']}
{'/Regions/109/Tournaments/366/Jamaica-Premier-League\n': ['/Teams/6691/Show/Jamaica-Waterhouse-FC', '/Teams/28043/Show/Jamaica-Mount-Pleasant', '/Teams/3608/Show/Jamaica-Portmore-United', '/Teams/7783/Show/Jamaica-Humble-Lions', '/Teams/6685/Show/Jamaica-Tivoli-Gardens', '/Teams/28044/Show/Jamaica-Dunbeholden', '/Teams/6690/Show/Jamaica-Arnett-Gardens', '/Teams/12038/Show/Jamaica-Cavalier-SC', '/Teams/5362/Show/Jamaica-Harbour-View', '/Teams/28775/Show/Jamaica-Molynes-United', '/Teams/19809/Show/Jamaica-UWI-FC', '/Teams/25460/Show/Jamaica-Vere-United']}
{'/Regions/110/Tournaments/150/Japan-J-League\n': ['/Teams/2398/Show/Japan-Sanfrecce-Hiroshima', '/Teams/2396/Show/Japan-Kashiwa-Reysol', '/Teams/2390/Show/Japan-FC-Tokyo', '/Teams/2403/Show/Japan-Urawa-Red-Diamonds', '/Teams/2395/Show/Japan-Gamba-Osaka', '/Teams/2388/Show/Japan-Cerezo-Osaka', '/Teams/2389/Show/Japan-Nagoya-Grampus-Eight', '/Teams/4090/Show/Japan-Yokohama-FC', '/Teams/2400/Show/Japan-Vissel-Kobe', '/Teams/6357/Show/Japan-Vegalta-Sendai', '/Teams/6358/Show/Japan-Sagan-Tosu', '/Teams/2919/Show/Japan-Kawasaki-Frontale', '/Teams/5841/Show/Japan-Shonan-Bellmare', '/Teams/2402/Show/Japan-Yokohama-F-Marinos', '/Teams/2397/Show/Japan-Oita-Trinita', '/Teams/5349/Show/Japan-Consadole-Sapporo', '/Teams/2399/Show/Japan-Shimizu-S-Pulse', '/Teams/2394/Show/Japan-Kashima-Antlers']}
{'/Regions/110/Tournaments/324/Japan-J-League-2\n': ['/Teams/2391/Show/Japan-Albirex-Niigata', '/Teams/6349/Show/Japan-Tokushima-Vortis', '/Teams/2392/Show/Japan-Jubilo-Iwata', '/Teams/2913/Show/Japan-Omiya-Ardija', '/Teams/8682/Show/Japan-Matsumoto-Yamaga', '/Teams/8687/Show/Japan-V-Varen-Nagasaki', '/Teams/6354/Show/Japan-Fagiano-Okayama-FC', '/Teams/3613/Show/Japan-Avispa-Fukuoka', '/Teams/2401/Show/Japan-JEF-United-Chiba', '/Teams/20193/Show/Japan-Renofa-Yamaguchi', '/Teams/3612/Show/Japan-Ventforet-Kofu', '/Teams/8678/Show/Japan-Machida-Zelvia', '/Teams/6355/Show/Japan-Ehime-FC', '/Teams/6356/Show/Japan-Mito-Hollyhock', '/Teams/8674/Show/Japan-Giravanz-Kitakyushu', '/Teams/8680/Show/Japan-Zweigen-Kanazawa', '/Teams/8693/Show/Japan-FC-Ryukyu', '/Teams/3614/Show/Japan-Kyoto-Sanga-FC', '/Teams/6350/Show/Japan-Tochigi-SC', '/Teams/6347/Show/Japan-Montedio-Yamagata', '/Teams/6353/Show/Japan-Thespakusatsu-Gunma', '/Teams/2393/Show/Japan-Tokyo-Verdy']}
{'/Regions/110/Tournaments/186/Japan-Cup\n': ['/Teams/2919/Show/Japan-Kawasaki-Frontale', '/Teams/2389/Show/Japan-Nagoya-Grampus-Eight', '/Teams/2394/Show/Japan-Kashima-Antlers', '/Teams/2399/Show/Japan-Shimizu-S-Pulse']}
{'/Regions/112/Tournaments/284/Jordan-1-Division\n': ['/Teams/5018/Show/Jordan-Al-Faisaly', '/Teams/5012/Show/Jordan-Al-Jazeera', '/Teams/5016/Show/Jordan-Al-Wehdat', '/Teams/5022/Show/Jordan-Shabab-Al-Ordon', '/Teams/24622/Show/Jordan-Al-Salt', '/Teams/24405/Show/Jordan-Aqaba', '/Teams/11608/Show/Jordan-Al-Sareeh', '/Teams/7816/Show/Jordan-Ramtha-SC', '/Teams/5013/Show/Jordan-Al-Hussein-SC', '/Teams/5017/Show/Jordan-Al-Ahly', '/Teams/5014/Show/Jordan-Al-Baqa-a', '/Teams/10493/Show/Jordan-That-Ras']}
{'/Regions/114/Tournaments/495/Kenya-FKL-Nationwide-One\n': ['/Teams/6612/Show/Kenya-Western-Stima', '/Teams/6605/Show/Kenya-KCB', '/Teams/10140/Show/Kenya-Nairobi-Stima', '/Teams/10146/Show/Kenya-Ushuru-FC', '/Teams/10138/Show/Kenya-Bidco-United', '/Teams/6616/Show/Kenya-Nairobi-City-Stars', '/Teams/25204/Show/Kenya-Coast-Stima', '/Teams/23441/Show/Kenya-Kenya-Police', '/Teams/11963/Show/Kenya-FC-Talanta', '/Teams/10143/Show/Kenya-Modern-Coast-Rangers', '/Teams/13251/Show/Kenya-St-Joseph-FC', '/Teams/26796/Show/Kenya-Kibera-Black-Stars', '/Teams/27580/Show/Kenya-Kisumu-All-Stars', '/Teams/23351/Show/Kenya-Kangemi-All-Stars', '/Teams/27581/Show/Kenya-Green-Commandoes', '/Teams/10136/Show/Kenya-Administration-Police', '/Teams/25201/Show/Kenya-Migori-Youth', '/Teams/13616/Show/Kenya-GFE-105', '/Teams/10137/Show/Kenya-Nakuru-AllStars', '/Teams/10344/Show/Kenya-Muhoroni-Youth-FC']}
{'/Regions/118/Tournaments/293/Kuwait-1-Division\n': ['/Teams/5133/Show/Kuwait-Kuwait-SC', '/Teams/5107/Show/Kuwait-Al-Qadsia', '/Teams/5071/Show/Kuwait-Al-Salmiyah', '/Teams/5069/Show/Kuwait-Kazma', '/Teams/5106/Show/Kuwait-Al-Arabi', '/Teams/5072/Show/Kuwait-Al-Nasr', '/Teams/5108/Show/Kuwait-Al-Tadhamon', '/Teams/5766/Show/Kuwait-Al-Shabab-SC', '/Teams/5070/Show/Kuwait-Al-Jahra', '/Teams/13728/Show/Kuwait-Al-Fahaheel']}
{'/Regions/121/Tournaments/155/Latvia-Virsliga\n': ['/Teams/22809/Show/Latvia-Riga-FC', '/Teams/10065/Show/Latvia-RFS', '/Teams/722/Show/Latvia-Ventspils', '/Teams/8931/Show/Latvia-Valmiera-FC', '/Teams/8927/Show/Latvia-FK-Spartaks', '/Teams/711/Show/Latvia-FK-Liepaja', '/Teams/8634/Show/Latvia-FK-Jelgava', '/Teams/8929/Show/Latvia-BFC-Daugavpils', '/Teams/8926/Show/Latvia-FS-Metta-LU']}
{'/Regions/122/Tournaments/298/Lebanon-1-Division\n': ['/Teams/5204/Show/Lebanon-Al-Ahed', '/Teams/5211/Show/Lebanon-Al-Ansar', '/Teams/5199/Show/Lebanon-Al-Nejmeh', '/Teams/9296/Show/Lebanon-Al-Akhaa-Al-Ahli', '/Teams/5198/Show/Lebanon-Shabab-Al-Sahel', '/Teams/5918/Show/Lebanon-Shabab-Al-Ghazieh', '/Teams/5210/Show/Lebanon-Tadamon-Sour', '/Teams/5196/Show/Lebanon-Tripoli-SC', '/Teams/5209/Show/Lebanon-Al-Safa', '/Teams/5919/Show/Lebanon-Salam-Zgharta', '/Teams/5207/Show/Lebanon-Racing-Beirut', '/Teams/18017/Show/Lebanon-Bekaa-SC']}
{'/Regions/123/Tournaments/356/Lesotho-Buddie-Premier-League\n': ['/Teams/6624/Show/Lesotho-Lioli', '/Teams/6620/Show/Lesotho-Matlama', '/Teams/6632/Show/Lesotho-LCS', '/Teams/10643/Show/Lesotho-Sandawana-FC', '/Teams/6629/Show/Lesotho-Likhopo', '/Teams/17999/Show/Lesotho-Kick4Life', '/Teams/7838/Show/Lesotho-Bantu-United', '/Teams/6619/Show/Lesotho-LDF', '/Teams/6631/Show/Lesotho-LMPS', '/Teams/6622/Show/Lesotho-Linare', '/Teams/23698/Show/Lesotho-Liphakoe-FC', '/Teams/6633/Show/Lesotho-Rovers', '/Teams/18000/Show/Lesotho-Likila-United', '/Teams/6626/Show/Lesotho-Mphatlalatsane']}
{'/Regions/124/Tournaments/351/Liberia-1-Divsion\n': ['/Teams/7289/Show/Liberia-Barrack-YC', '/Teams/10006/Show/Liberia-Nimba-United', '/Teams/23295/Show/Liberia-FC-Fassell', '/Teams/7279/Show/Liberia-LPRC-Oilers', '/Teams/7275/Show/Liberia-LISCR-FC', '/Teams/7283/Show/Liberia-NPA-Anchors', '/Teams/14887/Show/Liberia-Keitrace-FC', '/Teams/24889/Show/Liberia-Holder-FC', '/Teams/7284/Show/Liberia-Watanga-FC', '/Teams/24888/Show/Liberia-ELWA-United', '/Teams/24890/Show/Liberia-Mighty-Dragons', '/Teams/7282/Show/Liberia-Invincible-Eleven']}
{'/Regions/125/Tournaments/288/Libya-1-Division\n': ['/Teams/5047/Show/Libya-Al-Ahli-Tripoli', '/Teams/5109/Show/Libya-Al-Ittihad', '/Teams/5172/Show/Libya-Al-Wehda', '/Teams/5944/Show/Libya-Al-Hilal', '/Teams/5173/Show/Libya-Al-Ahli-B', '/Teams/5113/Show/Libya-Al-Madina']}
{'/Regions/127/Tournaments/159/Lithuania-A-Lyga\n': ['/Teams/1777/Show/Lithuania-Suduva', '/Teams/717/Show/Lithuania-Zalgiris-Vilnius', '/Teams/10124/Show/Lithuania-Riteriai', '/Teams/13305/Show/Lithuania-FK-Kauno-Zalgiris', '/Teams/13720/Show/Lithuania-FK-Panevezys', '/Teams/526/Show/Lithuania-Atlantas-Klaipeda', '/Teams/11181/Show/Lithuania-FK-Palanga', '/Teams/11179/Show/Lithuania-Stumbras-Kaunas']}
{'/Regions/136/Tournaments/184/Malta-Premier-League\n': ['/Teams/497/Show/Malta-Floriana', '/Teams/731/Show/Malta-Valletta', '/Teams/1170/Show/Malta-Hibernians', '/Teams/25316/Show/Malta-Sirens-FC', '/Teams/582/Show/Malta-Birkirkara', '/Teams/11694/Show/Malta-Gzira-United', '/Teams/8062/Show/Malta-Balzan-FC', '/Teams/3389/Show/Malta-Mosta', '/Teams/3412/Show/Malta-Hamrun-Spartans', '/Teams/720/Show/Malta-Sliema-Wanderers', '/Teams/11695/Show/Malta-Gudja-United', '/Teams/27830/Show/Malta-Santa-Lucia-F-C-', '/Teams/23952/Show/Malta-Senglea-Athletic', '/Teams/5612/Show/Malta-Tarxien-Rainbows']}
{'/Regions/155/Tournaments/457/Netherlands-Derde-Division\n': ['/Teams/9255/Show/Netherlands-Katwijk', '/Teams/3892/Show/Netherlands-HHC', '/Teams/3506/Show/Netherlands-AFC', '/Teams/3508/Show/Netherlands-Rijnsburgse-Boys', '/Teams/2754/Show/Netherlands-IJsselmeervogels', '/Teams/3903/Show/Netherlands-Kozakken-Boys', '/Teams/1339/Show/Netherlands-Spakenburg', '/Teams/16668/Show/Netherlands-Koninklijke-HFC', '/Teams/7736/Show/Netherlands-De-Treffers', '/Teams/5123/Show/Netherlands-Noordwijk', '/Teams/25258/Show/Netherlands-Jong-Sparta-Rotterdam', '/Teams/1950/Show/Netherlands-Excelsior-Maassluis', '/Teams/5772/Show/Netherlands-GVVV-Veenendaal', '/Teams/2752/Show/Netherlands-Quick-Boys', '/Teams/10624/Show/Netherlands-SVV-Scheveningen', '/Teams/2241/Show/Netherlands-TEC', '/Teams/24436/Show/Netherlands-Jong-FC-Volendam', '/Teams/3510/Show/Netherlands-ASWH']}
{'/Regions/158/Tournaments/610/New-Zealand-New-Zealand-2\n': ['/Teams/20509/Show/New-Zealand-Wellington-Olympic', '/Teams/20518/Show/New-Zealand-Miramar-Rangers', '/Teams/20511/Show/New-Zealand-Napier-City-Rovers', '/Teams/20513/Show/New-Zealand-Western-Suburbs', '/Teams/20512/Show/New-Zealand-Stop-Out', '/Teams/20514/Show/New-Zealand-Lower-Hutt-City', '/Teams/20517/Show/New-Zealand-Wairarapa-United', '/Teams/20510/Show/New-Zealand-Palmerston-North-Marist', '/Teams/24986/Show/New-Zealand-Wellington-United', '/Teams/20516/Show/New-Zealand-Petone']}
{'/Regions/176/Tournaments/76/Poland-Ekstraklasa\n': ['/Teams/1030/Show/Poland-Legia-Warszawa', '/Teams/3758/Show/Poland-Piast-Gliwice', '/Teams/1527/Show/Poland-Lech-Poznan', '/Teams/2578/Show/Poland-Cracovia', '/Teams/1032/Show/Poland-Slask-Wroclaw', '/Teams/1033/Show/Poland-Pogon-Szczecin', '/Teams/3763/Show/Poland-Lechia-Gdansk', '/Teams/1899/Show/Poland-Jagiellonia-Bialystok', '/Teams/2247/Show/Poland-Rakow-Czestochowa', '/Teams/1059/Show/Poland-Wisla-Plock', '/Teams/498/Show/Poland-Zaglebie-Lubin', '/Teams/1058/Show/Poland-Gornik-Zabrze', '/Teams/728/Show/Poland-Wisla-Krakow', '/Teams/2246/Show/Poland-Korona-Kielce', '/Teams/3314/Show/Poland-Arka-Gdynia', '/Teams/1411/Show/Poland-LKS-Lodz']}
{'/Regions/178/Tournaments/380/Puerto-Rico-Premier-League\n': ['/Teams/11684/Show/Puerto-Rico-Criollos-de-Caguas-FC', '/Teams/11685/Show/Puerto-Rico-Guayama-FC', '/Teams/10132/Show/Puerto-Rico-FC-Leones', '/Teams/7377/Show/Puerto-Rico-Bayamon-FC']}
{'/Regions/253/Tournaments/71/Scotland-Scottish-Championship\n': ['/Teams/281/Show/Scotland-Dundee-United', '/Teams/104/Show/Scotland-Inverness', '/Teams/177/Show/Scotland-Dundee-FC', '/Teams/307/Show/Scotland-Ayr', '/Teams/606/Show/Scotland-Dunfermline', '/Teams/670/Show/Scotland-Arbroath', '/Teams/102/Show/Scotland-Greenock-Morton', '/Teams/319/Show/Scotland-Alloa-Athletic', '/Teams/673/Show/Scotland-Queen-of-South', '/Teams/357/Show/Scotland-Partick-Thistle']}
{'/Regions/196/Tournaments/80/Serbia-Super-Liga\n': ['/Teams/579/Show/Serbia-FK-Crvena-Zvezda', '/Teams/721/Show/Serbia-Partizan-Belgrade', '/Teams/1021/Show/Serbia-Vojvodina', '/Teams/27142/Show/Serbia-TSC-Backa-Topola', '/Teams/1016/Show/Serbia-Cukaricki', '/Teams/1018/Show/Serbia-Radnicki-Nis', '/Teams/7477/Show/Serbia-FK-Spartak-Subotica', '/Teams/1300/Show/Serbia-Mladost-Lucani', '/Teams/3369/Show/Serbia-Vozdovac', '/Teams/13546/Show/Serbia-FK-Radnik-Surdulica', '/Teams/5825/Show/Serbia-Proleter', '/Teams/707/Show/Serbia-Napredak', '/Teams/1756/Show/Serbia-Javor', '/Teams/8008/Show/Serbia-Indjija', '/Teams/1024/Show/Serbia-Rad-Beograd', '/Teams/17845/Show/Serbia-Macva-Sabac']}
{'/Regions/200/Tournaments/323/Slovakia-1-Division\n': ['/Teams/2102/Show/Slovakia-Dukla-Banska-Bystrica', '/Teams/1198/Show/Slovakia-Dubnica', '/Teams/15557/Show/Slovakia-Skalica', '/Teams/10705/Show/Slovakia-FK-Poprad', '/Teams/16636/Show/Slovakia-Zilina-B', '/Teams/1900/Show/Slovakia-Zeleziarne-Podbrezova', '/Teams/5801/Show/Slovakia-Liptovsky-Mikulas', '/Teams/1013/Show/Slovakia-Puchov', '/Teams/3925/Show/Slovakia-Ruzomberok-B', '/Teams/28108/Show/Slovakia-FC-Kosice', '/Teams/1524/Show/Slovakia-Partizan-Bardejov', '/Teams/11650/Show/Slovakia-FC-STK-1914-Samorin', '/Teams/19945/Show/Slovakia-Komarno', '/Teams/1064/Show/Slovakia-FC-Petrzalka-1898', '/Teams/3924/Show/Slovakia-Slovan-Bratislava-B', '/Teams/16633/Show/Slovakia-Slavoj-Trebisov']}
{'/Regions/202/Tournaments/375/Solomon-Islands-National-Club-Championship\n': ['/Teams/10075/Show/Solomon-Islands-Solomon-Warriors-FC', '/Teams/7372/Show/Solomon-Islands-Marist', '/Teams/10076/Show/Solomon-Islands-Western-United-FC', '/Teams/10074/Show/Solomon-Islands-Malaita-Kingz-FC', '/Teams/5220/Show/Solomon-Islands-Kossa-FC', '/Teams/5927/Show/Solomon-Islands-Koloale-Fc', '/Teams/10211/Show/Solomon-Islands-Real-Kakamora', '/Teams/24146/Show/Solomon-Islands-FC-Guadalcanal', '/Teams/24191/Show/Solomon-Islands-West-Honiara-FC']}
{'/Regions/204/Tournaments/525/South-Africa-\n': ['/Teams/4880/Show/South-Africa-Ajax-Cape-Town', '/Teams/27901/Show/South-Africa-Cape-Umoya-United', '/Teams/4892/Show/South-Africa-Free-State-Stars', '/Teams/28612/Show/South-Africa-JDR-Stars', '/Teams/4881/Show/South-Africa-Jomo-Cosmos', '/Teams/13111/Show/South-Africa-Mbombela-United', '/Teams/27902/Show/South-Africa-Moroka-Swallows', '/Teams/25365/Show/South-Africa-Real-Kings-FC', '/Teams/27154/Show/South-Africa-Richards-Bay', '/Teams/11315/Show/South-Africa-Royal-Eagles', '/Teams/24973/Show/South-Africa-Steenberg-United', '/Teams/27899/Show/South-Africa-TS-Galaxy', '/Teams/27900/Show/South-Africa-TS-Sporting', '/Teams/11796/Show/South-Africa-Tshakhuma-FC', '/Teams/11317/Show/South-Africa-University-of-Pretoria', '/Teams/27155/Show/South-Africa-Uthongathi-FC']}
{'/Regions/260/Tournaments/387/South-Korea-K-League\n': ['/Teams/5818/Show/South-Korea-Busan-I-Park', '/Teams/7329/Show/South-Korea-Daegu-FC', '/Teams/4665/Show/South-Korea-FC-Seoul', '/Teams/7331/Show/South-Korea-Gangwon-FC', '/Teams/10040/Show/South-Korea-Gwangju-FC', '/Teams/7327/Show/South-Korea-Incheon-United', '/Teams/3952/Show/South-Korea-Jeonbuk-FC', '/Teams/5357/Show/South-Korea-Pohang-Steelers', '/Teams/7330/Show/South-Korea-Sangju-Sangmu', '/Teams/3303/Show/South-Korea-Seongnam-FC', '/Teams/4662/Show/South-Korea-Suwon-Bluewings', '/Teams/6327/Show/South-Korea-Ulsan-Hyundai']}
{'/Regions/260/Tournaments/418/South-Korea-K2-League\n': ['/Teams/26752/Show/South-Korea-Ansan-Greeners', '/Teams/13107/Show/South-Korea-Bucheon-FC-1995', '/Teams/13108/Show/South-Korea-Chungnam-Asan-FC', '/Teams/7325/Show/South-Korea-Daejeon-Citizen', '/Teams/13109/Show/South-Korea-FC-Anyang', '/Teams/7328/Show/South-Korea-Gyeongnam-FC', '/Teams/7326/Show/South-Korea-Jeju-United', '/Teams/5356/Show/South-Korea-Jeonnam-Dragons', '/Teams/20275/Show/South-Korea-Seoul-E-Land-FC', '/Teams/7963/Show/South-Korea-Suwon-City']}
{'/Regions/260/Tournaments/634/South-Korea-South-Korea-National-League\n': ['/Teams/7951/Show/South-Korea-Busan-Transport-Corp', '/Teams/7958/Show/South-Korea-Changwon-City', '/Teams/7957/Show/South-Korea-Cheonan-City', '/Teams/28382/Show/South-Korea-Cheongju-FC', '/Teams/26816/Show/South-Korea-Chuncheon-FC', '/Teams/7953/Show/South-Korea-Daejeon-Korail', '/Teams/7956/Show/South-Korea-Gangneung-City', '/Teams/7955/Show/South-Korea-Gimhae', '/Teams/26824/Show/South-Korea-Gimpo-Citizen', '/Teams/13137/Show/South-Korea-Gyeongju-Citizen-FC', '/Teams/7952/Show/South-Korea-Gyeongju-H-N', '/Teams/25044/Show/South-Korea-Hwaseong', '/Teams/27625/Show/South-Korea-Jeonju-Citizen', '/Teams/8739/Show/South-Korea-Mokpo-City', '/Teams/27619/Show/South-Korea-Pyeongtaek-Citizen', '/Teams/25051/Show/South-Korea-Yangju-Citizens']}
{'/Regions/211/Tournaments/297/Swaziland-1-Division\n': ['/Teams/5152/Show/Swaziland-Royal-Leopards', '/Teams/5149/Show/Swaziland-Mbabane-Highlanders', '/Teams/5180/Show/Swaziland-Young-Buffaloes', '/Teams/5150/Show/Swaziland-Mbabane-Swallows', '/Teams/5176/Show/Swaziland-Midas-Mbabane-City', '/Teams/5175/Show/Swaziland-Green-Mamba', '/Teams/5151/Show/Swaziland-Manzini-Wanderers', '/Teams/5177/Show/Swaziland-Manzini-Sundowns', '/Teams/10659/Show/Swaziland-Red-Lions', '/Teams/11974/Show/Swaziland-Manzini-Sea-Birds', '/Teams/24057/Show/Swaziland-Bad-Boys', '/Teams/5912/Show/Swaziland-Malanti-Cheifs']}
{'/Regions/212/Tournaments/553/Sweden-\n': ['/Teams/13218/Show/Sweden-Hammarby-U21', '/Teams/13290/Show/Sweden-Kalmar-FF-U21', '/Teams/13332/Show/Sweden-Djurgaarden-U21', '/Teams/13289/Show/Sweden-Halmstads-BK-U21']}
{'/Regions/212/Tournaments/439/Sweden-1-Division\n': ['/Teams/490/Show/Sweden-Ljungskile', '/Teams/483/Show/Sweden-Landskrona-BoIS', '/Teams/4418/Show/Sweden-Utsiktens-BK', '/Teams/3088/Show/Sweden-Skoevde-AIK', '/Teams/2488/Show/Sweden-FC-Trollhaettan', '/Teams/9982/Show/Sweden-Tvaaaakers-IF', '/Teams/2492/Show/Sweden-IFK-Vaernamo', '/Teams/2471/Show/Sweden-Lunds-BK', '/Teams/11071/Show/Sweden-Eskilsminne-IF', '/Teams/3198/Show/Sweden-Lindome-GIF', '/Teams/15364/Show/Sweden-Assyriska-IK', '/Teams/11070/Show/Sweden-Torns-IF', '/Teams/2479/Show/Sweden-Oskarshamns-AIK', '/Teams/457/Show/Sweden-Aatvidaberg', '/Teams/2484/Show/Sweden-Kristianstad-FC', '/Teams/1552/Show/Sweden-IK-Oddevold']}
{'/Regions/213/Tournaments/33/Switzerland-Super-League\n': ['/Teams/362/Show/Switzerland-FC-St-Gallen', '/Teams/587/Show/Switzerland-BSC-Young-Boys', '/Teams/401/Show/Switzerland-FC-Basel-1893', '/Teams/373/Show/Switzerland-Servette-FC', '/Teams/486/Show/Switzerland-FC-Zuerich', '/Teams/392/Show/Switzerland-FC-Luzern', '/Teams/478/Show/Switzerland-FC-Lugano', '/Teams/559/Show/Switzerland-FC-Sion', '/Teams/372/Show/Switzerland-Neuchatel-Xamax-FCS', '/Teams/590/Show/Switzerland-FC-Thun']}
{'/Regions/213/Tournaments/55/Switzerland-Challenge-League\n': ['/Teams/363/Show/Switzerland-FC-Lausanne-Sport', '/Teams/742/Show/Liechtenstein-FC-Vaduz', '/Teams/402/Show/Switzerland-Grasshopper-Club', '/Teams/593/Show/Switzerland-SC-Kriens', '/Teams/585/Show/Switzerland-FC-Winterthur', '/Teams/592/Show/Switzerland-FC-Wil-1900', '/Teams/10663/Show/Switzerland-FC-Stade-Lausanne-Ouchy', '/Teams/561/Show/Switzerland-FC-Aarau', '/Teams/981/Show/Switzerland-FC-Schaffhausen', '/Teams/1922/Show/Switzerland-FC-Chiasso']}
{'/Regions/214/Tournaments/296/Syria-1-Division\n': ['/Teams/5145/Show/Syria-Al-Jaish', '/Teams/5146/Show/Syria-Tishreen', '/Teams/5144/Show/Syria-Al-Wahda', '/Teams/5171/Show/Syria-Al-Ittihad', '/Teams/5905/Show/Syria-Al-Wathbah', '/Teams/5137/Show/Syria-Al-Taleiah', '/Teams/5169/Show/Syria-Hutteen', '/Teams/5043/Show/Syria-Al-Karamah', '/Teams/5134/Show/Syria-Al-Shorta', '/Teams/27929/Show/Syria-Al-Sahel', '/Teams/5136/Show/Syria-Al-Nawaeir', '/Teams/5170/Show/Syria-Jableh-SC', '/Teams/5135/Show/Syria-Al-Majd', '/Teams/27315/Show/Syria-Herafio-Halab']}
{'/Regions/223/Tournaments/361/Trinidad-and-Tobago-Professional-League\n': ['/Teams/12086/Show/Trinidad-and-Tobago-Central-FC', '/Teams/7332/Show/Trinidad-and-Tobago-San-Juan-Jabloteh', '/Teams/7267/Show/Trinidad-and-Tobago-Defence-Force', '/Teams/4026/Show/Trinidad-and-Tobago-W-Connection-FC', '/Teams/9108/Show/Trinidad-and-Tobago-North-East-Stars', '/Teams/7265/Show/Trinidad-and-Tobago-Police-FC', '/Teams/24094/Show/Trinidad-and-Tobago-Club-Sando', '/Teams/13782/Show/Trinidad-and-Tobago-Point-Fortin-FC', '/Teams/7273/Show/Trinidad-and-Tobago-Caledonia', '/Teams/7270/Show/Trinidad-and-Tobago-St-Ann-s-Rangers']}
{'/Regions/225/Tournaments/17/Turkey-Super-Lig\n': ['/Teams/226/Show/Turkey-Trabzonspor', '/Teams/2201/Show/Turkey-Istanbul-Basaksehir', '/Teams/294/Show/Turkey-Galatasaray', '/Teams/2003/Show/Turkey-Sivasspor', '/Teams/133/Show/Turkey-Besiktas', '/Teams/3473/Show/Turkey-Alanyaspor', '/Teams/223/Show/Turkey-Fenerbahce', '/Teams/254/Show/Turkey-Goztepe', '/Teams/2319/Show/Turkey-Gaziantep-FK', '/Teams/132/Show/Turkey-Denizlispor', '/Teams/227/Show/Turkey-Antalyaspor', '/Teams/156/Show/Turkey-Genclerbirligi', '/Teams/2006/Show/Turkey-Konyaspor', '/Teams/3475/Show/Turkey-Kasimpasa', '/Teams/5732/Show/Turkey-Yeni-Malatyaspor', '/Teams/750/Show/Turkey-Rizespor', '/Teams/293/Show/Turkey-Ankaragucu', '/Teams/2200/Show/Turkey-Kayserispor']}
{'/Regions/233/Tournaments/322/USA-USL-1\n': ['/Teams/28982/Show/USA-San-Diego-Loyal', '/Teams/13020/Show/USA-Phoenix-Rising-FC', '/Teams/15137/Show/USA-LA-Galaxy-II', '/Teams/8749/Show/USA-Saint-Louis-FC', '/Teams/15053/Show/USA-Indy-Eleven', '/Teams/26753/Show/USA-Reno-1868-FC', '/Teams/20149/Show/USA-Charlotte-Independence', '/Teams/20151/Show/USA-Colorado-Springs-Switchbacks-FC', '/Teams/20152/Show/USA-Louisville-City-FC', '/Teams/8751/Show/USA-Tampa-Bay-Rowdies', '/Teams/6311/Show/USA-Charleston-Battery', '/Teams/24952/Show/USA-San-Antonio-FC', '/Teams/28241/Show/USA-Austin-Bold', '/Teams/27498/Show/USA-Las-Vegas-Lights-FC', '/Teams/15138/Show/USA-Sacramento-Republic-FC', '/Teams/20150/Show/USA-FC-Tulsa', '/Teams/10228/Show/USA-Orange-County-SC', '/Teams/24947/Show/USA-Philadelphia-Union-II', '/Teams/28243/Show/USA-Loudoun-United', '/Teams/28240/Show/USA-El-Paso-Locomotive', '/Teams/24951/Show/USA-Sporting-Kansas-City-II', '/Teams/15139/Show/USA-OKC-Energy-FC', '/Teams/6310/Show/USA-North-Carolina-FC', '/Teams/20153/Show/USA-New-York-Red-Bulls-II', '/Teams/27499/Show/USA-Atlanta-United-II', '/Teams/20148/Show/USA-Real-Monarchs-SLC', '/Teams/28244/Show/USA-New-Mexico-United', '/Teams/28242/Show/USA-Memphis-901', '/Teams/20147/Show/USA-Tacoma-Defiance', '/Teams/24937/Show/USA-Miami-FC', '/Teams/24950/Show/USA-Rio-Grande-Valley-FC', '/Teams/20155/Show/USA-Portland-Timbers-II', '/Teams/28239/Show/USA-Birmingham-Legion', '/Teams/28238/Show/USA-Hartford-Athletic', '/Teams/10222/Show/USA-Pittsburgh-Riverhounds']}
{'/Regions/236/Tournaments/521/Uzbekistan-\n': ['/Teams/22608/Show/Uzbekistan-Sementchi-Kuvasoy', '/Teams/11297/Show/Uzbekistan-NBU-Osiyo', '/Teams/4107/Show/Uzbekistan-Andijon', '/Teams/11293/Show/Uzbekistan-FK-Zaamin', '/Teams/11408/Show/Uzbekistan-Mashal-Muborak-2', '/Teams/13203/Show/Uzbekistan-Istiqlol', '/Teams/24946/Show/Uzbekistan-Naryn-Hakkulabad', '/Teams/6267/Show/Uzbekistan-Khorezm', '/Teams/11405/Show/Uzbekistan-Orol-Nukus', '/Teams/13032/Show/Uzbekistan-Lokomotiv-BFK', '/Teams/11295/Show/Uzbekistan-FK-Yangiyer', '/Teams/11409/Show/Uzbekistan-Nasaf-2', '/Teams/22609/Show/Uzbekistan-Yozavon', '/Teams/13202/Show/Uzbekistan-Hotira-79', '/Teams/5345/Show/Uzbekistan-Uz-Dong-Joo-Andijon', '/Teams/11413/Show/Uzbekistan-Ghallakor-Barsa', '/Teams/27305/Show/Uzbekistan-Nurafshon', '/Teams/11411/Show/Uzbekistan-Surkhon-2011']}
{'/Regions/238/Tournaments/642/Venezuela-\n': ['/Teams/11986/Show/Venezuela-Metropolitanos-FC', '/Teams/23709/Show/Venezuela-Deportivo-Zulia', '/Teams/8087/Show/Venezuela-Tucanes-FC']}
{'/Regions/239/Tournaments/392/Vietnam-V-league\n': ['/Teams/7633/Show/Vietnam-Ha-Noi-FC', '/Teams/7635/Show/Vietnam-Ho-Chi-Minh-City-FC', '/Teams/15023/Show/Vietnam-Than-Quang-Ninh', '/Teams/5354/Show/Vietnam-Binh-Duong', '/Teams/7882/Show/Vietnam-Saigon-FC', '/Teams/25090/Show/Vietnam-Viettel', '/Teams/7639/Show/Vietnam-Song-Lam-Nghe-An', '/Teams/7629/Show/Vietnam-Hoang-Anh-Gia-Lai', '/Teams/15021/Show/Vietnam-QNK-Quang-Nam', '/Teams/7627/Show/Vietnam-Da-Nang', '/Teams/5358/Show/Vietnam-Nam-Dinh', '/Teams/7628/Show/Vietnam-Hai-Phong', '/Teams/7632/Show/Vietnam-FLC-Thanh-Hoa', '/Teams/7636/Show/Vietnam-Khanh-Hoa-Nha-Trang']}
{'/Regions/254/Tournaments/138/Wales-Premier-Division\n': ['/Teams/2177/Show/Wales-Connah-s-Quay', '/Teams/1260/Show/Wales-TNS', '/Teams/7431/Show/Wales-Bala-Town', '/Teams/745/Show/Wales-Barry-Town', '/Teams/2182/Show/Wales-Caernarfon', '/Teams/16732/Show/Wales-Cardiff-Met-University', '/Teams/2180/Show/Wales-Cefn-Druids-AFC', '/Teams/2176/Show/Wales-Newtown', '/Teams/2175/Show/Wales-Aberystwyth', '/Teams/13688/Show/Wales-Penybont', '/Teams/1163/Show/Wales-Carmarthen', '/Teams/2676/Show/Wales-Airbus-UK-Broughton']}
{'/Regions/254/Tournaments/520/Wales-\n': ['/Teams/729/Show/Wales-Bangor-City', '/Teams/11263/Show/Wales-Buckley-Town', '/Teams/9308/Show/Wales-Colwyn-Bay', '/Teams/11269/Show/Wales-Conwy-Borough-FC', '/Teams/28622/Show/Wales-Corwen', '/Teams/11262/Show/Wales-Flint-Town-United', '/Teams/11489/Show/Wales-Gresford-Athletic', '/Teams/11270/Show/Wales-Guilsfield-FC', '/Teams/11264/Show/Wales-Llandudno-FC', '/Teams/23635/Show/Wales-Llanfair-United', '/Teams/4922/Show/Wales-Llangefni-Town', '/Teams/11261/Show/Wales-Llanrhaeadr-FC', '/Teams/11267/Show/Wales-Penrhyncoch-FC', '/Teams/2178/Show/Wales-Porthmadog', '/Teams/5583/Show/Wales-Prestatyn-Town-FC', '/Teams/2179/Show/Wales-Rhyl', '/Teams/11265/Show/Wales-Ruthin-Town']}
{'/Regions/246/Tournaments/253/Zimbabwe-1-Division\n': ['/Teams/10107/Show/Zimbabwe-FC-Platinum', '/Teams/10105/Show/Zimbabwe-Chicken-Inn-FC', '/Teams/4120/Show/Zimbabwe-CAPS-United', '/Teams/28394/Show/Zimbabwe-Ngezi-Platinum-FC', '/Teams/28397/Show/Zimbabwe-Manica-Diamonds', '/Teams/4125/Show/Zimbabwe-Black-Rhinos', '/Teams/4133/Show/Zimbabwe-Highlanders', '/Teams/13222/Show/Zimbabwe-Triangle-FC', '/Teams/15198/Show/Zimbabwe-ZPC-Kariba', '/Teams/4119/Show/Zimbabwe-Dynamos', '/Teams/11185/Show/Zimbabwe-Harare-City', '/Teams/28392/Show/Zimbabwe-Bulawayo-Chiefs', '/Teams/28393/Show/Zimbabwe-Yadah-FC', '/Teams/4114/Show/Zimbabwe-Chapungu-United', '/Teams/28395/Show/Zimbabwe-Tel-One-FC', '/Teams/28396/Show/Zimbabwe-Herentals-FC', '/Teams/4124/Show/Zimbabwe-Hwange', '/Teams/28398/Show/Zimbabwe-Mushowani-Stars-FC']}
